name	female	male	number_of_GFP_kernels	number_of_WT_kernels	year	cross_type	family	category	allele	FPKM	PCR_confirmed
Y2x25-3	2	25-3	155	146	2019	male	25	seedling_only	tdsgR63F09	38.2865666666667	TRUE
Y55-5x1	55-5	1	274	254	2019	female	55	vegetative_cell_high	tdsgR77F09	33.3009	TRUE
Y2x17-1	2	17-1	199	198	2019	male	17	vegetative_cell_high	tdsgR32B05	32.8555	TRUE
Y50G-6x1	50G-6	1	219	197	2019	female	50	sperm_cell_high	tdsgR106G12	126.303	TRUE
Y2x85-1	2	85-1	213	187	2019	male	85	vegetative_cell_high	tdsgR34C11	885.729	TRUE
Y2x73-5	2	73-5	33	57	2019	male	73	sperm_cell_high	tdsgR35A03	160.436	TRUE
Y54-6x1	54-6	1	143	181	2019	female	54	vegetative_cell_high	tdsgR33F03	304.574	TRUE
Y2x50G-4	2	50G-4	163	190	2019	male	50	sperm_cell_high	tdsgR106G12	126.303	TRUE
Y2x58-4m2	2	58-4m2	174	194	2019	male	58	vegetative_cell_high	tdsgR99B02	56.2152	TRUE
Y53-3x1	53-3	1	288	294	2019	female	53	seedling_only	tdsgR52B09	96.7292666666667	TRUE
Y2x36-1	2	36-1	229	209	2019	male	36	vegetative_cell_high	tdsgR92A10	132.288	TRUE
Y2x50G-3	2	50G-3	245	224	2019	male	50	sperm_cell_high	tdsgR106G12	126.303	TRUE
Y2x85-6	2	85-6	187	201	2019	male	85	vegetative_cell_high	tdsgR34C11	885.729	TRUE
Y2x73-2	2	73-2	195	204	2019	male	73	sperm_cell_high	tdsgR35A03	160.436	TRUE
Y88-3x1	88-3	1	164	195	2019	female	88	vegetative_cell_high	tdsgR107C12	885.729	TRUE
Y87-6x1	87-6	1	263	228	2019	female	87	sperm_cell_high	tdsgR84A12	392.156	TRUE
Y2x55-1	2	55-1	107	105	2019	male	55	vegetative_cell_high	tdsgR77F09	33.3009	TRUE
Y86-5x1	86-5	1	281	281	2019	female	86	vegetative_cell_high	tdsgR103E04	35.5349	TRUE
Y84-3x1	84-3	1	285	230	2019	female	84	seedling_only	tdsgR65E02	234.641	TRUE
Y26-1x1	26-1	1	178	186	2019	female	26	vegetative_cell_high	tdsgR01G01	176.627	TRUE
Y23-2x1	23-2	1	278	232	2019	female	23	vegetative_cell_high	tdsgR04A02	52.5708	TRUE
Y70-3x1	70-3	1	240	212	2019	female	70	vegetative_cell_high	tdsgR08A07	353.673	TRUE
Y2x46-3	2	46-3	179	192	2019	male	46	sperm_cell_high	tdsgR60D10	76.6179	TRUE
Y80-3x1	80-3	1	251	247	2019	female	80	vegetative_cell_high	tdsgR72D11	90.5725	TRUE
Y2x80-3	2	80-3	181	179	2019	male	80	vegetative_cell_high	tdsgR72D11	90.5725	TRUE
Y43-1x1	43-1	1	230	203	2019	female	43	seedling_only	tdsgR46C04	106.187666666667	TRUE
Y46-2x1	46-2	1	249	228	2019	female	46	sperm_cell_high	tdsgR60D10	76.6179	TRUE
Y2x41B-4	2	41B-4	135	153	2019	male	41	vegetative_cell_high	tdsgR98H09	369.498	TRUE
Y17-5x1	17-5	1	164	162	2019	female	17	vegetative_cell_high	tdsgR32B05	32.8555	TRUE
Y2x73G-2?	2	73G-2?	218	176	2019	male	73	sperm_cell_high	tdsgR35A03	160.436	TRUE
Y19-3x1	19-3	1	138	156	2019	female	19	sperm_cell_high	tdsgR82A03	392.156	TRUE
Y36-3x1	36-3	1	139	170	2019	female	36	vegetative_cell_high	tdsgR92A10	132.288	TRUE
Y2x71-4	2	71-4	155	126	2019	male	71	vegetative_cell_high	tdsgR81E02	4371.01	TRUE
Y38-5x1	38-5	1	180	169	2019	female	38	vegetative_cell_high	tdsgR04G10	60.916	TRUE
Y32-3x1	32-3	1	266	219	2019	female	32	vegetative_cell_high	tdsgR27E01	47.4902	TRUE
Y2x69-5	2	69-5	171	242	2019	male	69	vegetative_cell_high	tdsgR49F11	4175.48	TRUE
Y2x62-1	2	62-1	204	204	2019	male	62	vegetative_cell_high	tdsgR31H05	196.9	TRUE
Y66-7x1	66-7	1	234	250	2019	female	66	sperm_cell_high	tdsgR26G07	118.053	TRUE
Y35-6x1	35-6	1	207	213	2019	female	35	vegetative_cell_high	tdsgR81G05	64.6735	TRUE
Y73G-2?x1	73G-2?	1	168	174	2019	female	73	sperm_cell_high	tdsgR35A03	160.436	TRUE
Y68-1x1	68-1	1	293	258	2019	female	68	vegetative_cell_high	tdsgR83B04	90.3365	TRUE
Y34-5x1	34-5	1	272	265	2019	female	34	vegetative_cell_high	tdsgR101B03	4371.01	TRUE
Y2x43-1	2	43-1	208	171	2019	male	43	seedling_only	tdsgR46C04	106.187666666667	TRUE
Y2x53-2	2	53-2	201	212	2019	male	53	seedling_only	tdsgR52B09	96.7292666666667	TRUE
Y2x37-6	2	37-6	145	144	2019	male	37	seedling_only	tdsgR106F04	103.9473	TRUE
Y51-4x1	51-4	1	216	195	2019	female	51	vegetative_cell_high	tdsgR52E07	153.004	TRUE
Y55-4x1	55-4	1	244	262	2019	female	55	vegetative_cell_high	tdsgR77F09	33.3009	TRUE
Y2x24-3	2	24-3	163	216	2019	male	24	vegetative_cell_high	tdsgR102H01	2786.36	TRUE
Y2x84-1	2	84-1	111	80	2019	male	84	seedling_only	tdsgR65E02	234.641	TRUE
Y50G-7x1	50G-7	1	235	253	2019	female	50	sperm_cell_high	tdsgR106G12	126.303	TRUE
Y52-1x1	52-1	1	314	311	2019	female	52	vegetative_cell_high	tdsgR52E07	153.004	TRUE
Y2x24-4	2	24-4	127	323	2019	male	24	vegetative_cell_high	tdsgR102H01	2786.36	TRUE
Y2x82-11	2	82-11	232	228	2019	male	82	vegetative_cell_high	tdsgR35A08	162	TRUE
Y2x72-2	2	72-2	138	133	2019	male	72	vegetative_cell_high	tdsgR67C09	21028.2	TRUE
Y2x84-6	2	84-6	182	206	2019	male	84	seedling_only	tdsgR65E02	234.641	TRUE
Y82-8x1	82-8	1	186	155	2019	female	82	vegetative_cell_high	tdsgR35A08	162	TRUE
Y2x53-5	2	53-5	159	277	2019	male	53	seedling_only	tdsgR52B09	96.7292666666667	TRUE
Y2x37-1	2	37-1	133	151	2019	male	37	seedling_only	tdsgR106F04	103.9473	TRUE
Y59-4x1	59-4	1	186	209	2019	female	59	seedling_only	tdsgR12H07	37.5026	TRUE
Y53-2x1	53-2	1	194	178	2019	female	53	seedling_only	tdsgR52B09	96.7292666666667	TRUE
Y2x66-3	2	66-3	170	162	2019	male	66	sperm_cell_high	tdsgR26G07	118.053	TRUE
Y86-4x1	86-4	1	329	283	2019	female	86	vegetative_cell_high	tdsgR103E04	35.5349	TRUE
Y2x54-1	2	54-1	50	59	2019	male	54	vegetative_cell_high	tdsgR33F03	304.574	TRUE
Y25-5x1	25-5	1	317	275	2019	female	25	seedling_only	tdsgR63F09	38.2865666666667	TRUE
Y2x72-6m2	2	72-6m2	153	192	2019	male	72	vegetative_cell_high	tdsgR67C09	21028.2	TRUE
Y2x11-2	2	11-2	203	222	2019	male	11	sperm_cell_high	tdsgR91F11	220.451	TRUE
Y2x75-6	2	75-6	238	243	2019	male	75	vegetative_cell_high	tdsgR45E04	32.8555	TRUE
Y75-1x1	75-1	1	298	232	2019	female	75	vegetative_cell_high	tdsgR45E04	32.8555	TRUE
Y70-2x1	70-2	1	249	218	2019	female	70	vegetative_cell_high	tdsgR08A07	353.673	TRUE
Y2x11-5	2	11-5	271	248	2019	male	11	sperm_cell_high	tdsgR91F11	220.451	TRUE
Y23-3x1	23-3	1	244	221	2019	female	23	vegetative_cell_high	tdsgR04A02	52.5708	TRUE
Y80-2x1	80-2	1	322	302	2019	female	80	vegetative_cell_high	tdsgR72D11	90.5725	TRUE
Y85-1x1	85-1	1	305	205	2019	female	85	vegetative_cell_high	tdsgR34C11	885.729	TRUE
Y2x83-5	2	83-5	254	266	2019	male	83	vegetative_cell_high	tdsgR35A08	162	TRUE
Y2x88-1	2	88-1	223	196	2019	male	88	vegetative_cell_high	tdsgR107C12	885.729	TRUE
Y2x75-1	2	75-1	133	162	2019	male	75	vegetative_cell_high	tdsgR45E04	32.8555	TRUE
Y84-2x1	84-2	1	384	184	2019	female	84	seedling_only	tdsgR65E02	234.641	TRUE
Y2x54-6	2	54-6	181	245	2019	male	54	vegetative_cell_high	tdsgR33F03	304.574	TRUE
Y71-1x1	71-1	1	229	221	2019	female	71	vegetative_cell_high	tdsgR81E02	4371.01	TRUE
Y2x32-4	2	32-4	99	93	2019	male	32	vegetative_cell_high	tdsgR27E01	47.4902	TRUE
Y46-3x1	46-3	1	311	249	2019	female	46	sperm_cell_high	tdsgR60D10	76.6179	TRUE
Y66-10x1	66-10	1	206	211	2019	female	66	sperm_cell_high	tdsgR26G07	118.053	TRUE
Y2x45-5	2	45-5	217	218	2019	male	45	sperm_cell_high	tdsgR87A03	51.2846	TRUE
Y11-2x1	11-2	1	298	280	2019	female	11	sperm_cell_high	tdsgR91F11	220.451	TRUE
Y14-1x1	14-1	1	229	252	2019	female	14	vegetative_cell_high	tdsgR92F08	330.685	TRUE
Y2x25-5m3	2	25-5m3	182	182	2019	male	25	seedling_only	tdsgR63F09	38.2865666666667	TRUE
Y19-2x1	19-2	1	187	195	2019	female	19	sperm_cell_high	tdsgR82A03	392.156	TRUE
Y40-5x1	40-5	1	269	223	2019	female	40	sperm_cell_high	tdsgR31B01	46.2179	TRUE
Y2x45-2	2	45-2	258	231	2019	male	45	sperm_cell_high	tdsgR87A03	51.2846	TRUE
Y2x32-3	2	32-3	133	155	2019	male	32	vegetative_cell_high	tdsgR27E01	47.4902	TRUE
Y17-4x1	17-4	1	235	226	2019	female	17	vegetative_cell_high	tdsgR32B05	32.8555	TRUE
Y18-1x1	18-1	1	202	203	2019	female	18	vegetative_cell_high	tdsgR02D02	54.9727	TRUE
Y2x63-1	2	63-1	212	181	2019	male	63	sperm_cell_high	tdsgR53C03	48.0851	TRUE
Y37-1x1	37-1	1	259	267	2019	female	37	seedling_only	tdsgR106F04	103.9473	TRUE
Y32-2x1	32-2	1	221	244	2019	female	32	vegetative_cell_high	tdsgR27E01	47.4902	TRUE
Y2x51-3	2	51-3	155	154	2019	male	51	vegetative_cell_high	tdsgR52E07	153.004	TRUE
Y36-2x1	36-2	1	235	230	2019	female	36	vegetative_cell_high	tdsgR92A10	132.288	TRUE
Y33-1x1	33-1	1	349	290	2019	female	33	vegetative_cell_high	tdsgR27E01	47.4902	TRUE
Y2x26-2	2	26-2	166	161	2019	male	26	vegetative_cell_high	tdsgR01G01	176.627	TRUE
Y41B-6x1	41B-6	1	271	268	2019	female	41	vegetative_cell_high	tdsgR98H09	369.498	TRUE
Y2x70-3	2	70-3	279	200	2019	male	70	vegetative_cell_high	tdsgR08A07	353.673	TRUE
Y2x49-5	2	49-5	90	115	2019	male	49	vegetative_cell_high	tdsgR24D03	165.028	TRUE
Y2x26-5	2	26-5	232	186	2019	male	26	vegetative_cell_high	tdsgR01G01	176.627	TRUE
Y2x68-2	2	68-2	211	193	2019	male	68	vegetative_cell_high	tdsgR83B04	90.3365	TRUE
Y69-3x1	69-3	1	197	197	2019	female	69	vegetative_cell_high	tdsgR49F11	4175.48	TRUE
Y66-6x1	66-6	1	247	257	2019	female	66	sperm_cell_high	tdsgR26G07	118.053	TRUE
Y2x51-4	2	51-4	175	187	2019	male	51	vegetative_cell_high	tdsgR52E07	153.004	TRUE
Y63-5x1	63-5	1	197	190	2019	female	63	sperm_cell_high	tdsgR53C03	48.0851	TRUE
Y2x34-1	2	34-1	156	183	2019	male	34	vegetative_cell_high	tdsgR101B03	4371.01	TRUE
Y56-2x1	56-2	1	211	193	2019	female	56	vegetative_cell_high	tdsgR41F01	159.129	TRUE
Y53-1x1	53-1	1	311	277	2019	female	53	seedling_only	tdsgR52B09	96.7292666666667	TRUE
Y2x69-3	2	69-3	235	251	2019	male	69	vegetative_cell_high	tdsgR49F11	4175.48	TRUE
Y2x71-2	2	71-2	144	186	2019	male	71	vegetative_cell_high	tdsgR81E02	4371.01	TRUE
Y2x87-6	2	87-6	50	241	2019	male	87	sperm_cell_high	tdsgR84A12	392.156	TRUE
Y87-8x1	87-8	1	264	252	2019	female	87	sperm_cell_high	tdsgR84A12	392.156	TRUE
Y52-2x1	52-2	1	304	233	2019	female	52	vegetative_cell_high	tdsgR52E07	153.004	TRUE
Y58-4x1	58-4	1	286	274	2019	female	58	vegetative_cell_high	tdsgR99B02	56.2152	TRUE
Y2x71-5	2	71-5	123	137	2019	male	71	vegetative_cell_high	tdsgR81E02	4371.01	TRUE
Y50G-4x1	50G-4	1	202	227	2019	female	50	sperm_cell_high	tdsgR106G12	126.303	TRUE
Y2x87-1	2	87-1	106	267	2019	male	87	sperm_cell_high	tdsgR84A12	392.156	TRUE
Y2x34-6	2	34-6	171	183	2019	male	34	vegetative_cell_high	tdsgR101B03	4371.01	TRUE
Y54-4x1	54-4	1	230	227	2019	female	54	vegetative_cell_high	tdsgR33F03	304.574	TRUE
Y2x69-4	2	69-4	108	176	2019	male	69	vegetative_cell_high	tdsgR49F11	4175.48	TRUE
Y71-2x1	71-2	1	219	223	2019	female	71	vegetative_cell_high	tdsgR81E02	4371.01	TRUE
Y2x41B-5	2	41B-5	197	166	2019	male	41	vegetative_cell_high	tdsgR98H09	369.498	TRUE
Y84-1x1	84-1	1	216	239	2019	female	84	seedling_only	tdsgR65E02	234.641	TRUE
Y80-1x1	80-1	1	253	287	2019	female	80	vegetative_cell_high	tdsgR72D11	90.5725	TRUE
Y2x80-5	2	80-5	225	263	2019	male	80	vegetative_cell_high	tdsgR72D11	90.5725	TRUE
Y70-1x1	70-1	1	245	241	2019	female	70	vegetative_cell_high	tdsgR08A07	353.673	TRUE
Y75-2x1	75-2	1	246	245	2019	female	75	vegetative_cell_high	tdsgR45E04	32.8555	TRUE
Y2x19-1	2	19-1	99	218	2019	male	19	sperm_cell_high	tdsgR82A03	392.156	TRUE
Y26-3x1	26-3	1	160	177	2019	female	26	vegetative_cell_high	tdsgR01G01	176.627	TRUE
Y2x80-2	2	80-2	188	212	2019	male	80	vegetative_cell_high	tdsgR72D11	90.5725	TRUE
Y82-7x1	82-7	1	242	239	2019	female	82	vegetative_cell_high	tdsgR35A08	162	TRUE
Y87-4x1	87-4	1	316	243	2019	female	87	sperm_cell_high	tdsgR84A12	392.156	TRUE
Y88-1x1	88-1	1	209	228	2019	female	88	vegetative_cell_high	tdsgR107C12	885.729	TRUE
Y2x19-6	2	19-6	98	184	2019	male	19	sperm_cell_high	tdsgR82A03	392.156	TRUE
Y24-5x1	24-5	1	284	255	2019	female	24	vegetative_cell_high	tdsgR102H01	2786.36	TRUE
Y20-5x1	20-5	1	266	209	2019	female	20	vegetative_cell_high	tdsgR23D05	31.1667	TRUE
Y2x38-1	2	38-1	229	251	2019	male	38	vegetative_cell_high	tdsgR04G10	60.916	TRUE
Y25-6x1	25-6	1	274	254	2019	female	25	seedling_only	tdsgR63F09	38.2865666666667	TRUE
Y2x41B-2	2	41B-2	220	191	2019	male	41	vegetative_cell_high	tdsgR98H09	369.498	TRUE
Y2x87-8	2	87-8	102	181	2019	male	87	sperm_cell_high	tdsgR84A12	392.156	TRUE
Y73-4x1	73-4	1	231	227	2019	female	73	sperm_cell_high	tdsgR35A03	160.436	TRUE
Y18-2x1	18-2	1	269	257	2019	female	18	vegetative_cell_high	tdsgR02D02	54.9727	TRUE
Y2x86G-2	2	86G-2	162	119	2019	male	86	vegetative_cell_high	tdsgR103E04	35.5349	TRUE
Y19-1x1	19-1	1	99	160	2019	female	19	sperm_cell_high	tdsgR82A03	392.156	TRUE
Y45-5x1	45-5	1	269	217	2019	female	45	sperm_cell_high	tdsgR87A03	51.2846	TRUE
Y2x46-2	2	46-2	289	281	2019	male	46	sperm_cell_high	tdsgR60D10	76.6179	TRUE
Y14-2x1	14-2	1	210	215	2019	female	14	vegetative_cell_high	tdsgR92F08	330.685	TRUE
Y11-1x1	11-1	1	267	268	2019	female	11	sperm_cell_high	tdsgR91F11	220.451	TRUE
Y43-3x1	43-3	1	275	274	2019	female	43	seedling_only	tdsgR46C04	106.187666666667	TRUE
Y66-9x1	66-9	1	200	228	2019	female	66	sperm_cell_high	tdsgR26G07	118.053	TRUE
Y35-4x1	35-4	1	246	259	2019	female	35	vegetative_cell_high	tdsgR81G05	64.6735	TRUE
Y66-5x1	66-5	1	182	204	2019	female	66	sperm_cell_high	tdsgR26G07	118.053	TRUE
Y2x50G-2	2	50G-2	292	270	2019	male	50	sperm_cell_high	tdsgR106G12	126.303	TRUE
Y41B-5x1	41B-5	1	255	216	2019	female	41	vegetative_cell_high	tdsgR98H09	369.498	TRUE
Y2x73-3	2	73-3	283	217	2019	male	73	sperm_cell_high	tdsgR35A03	160.436	TRUE
Y68-3x1	68-3	1	223	247	2019	female	68	vegetative_cell_high	tdsgR83B04	90.3365	TRUE
Y2x25-2	2	25-2	293	295	2019	male	25	seedling_only	tdsgR63F09	38.2865666666667	TRUE
Y2x73-4	2	73-4	287	284	2019	male	73	sperm_cell_high	tdsgR35A03	160.436	TRUE
Y39-4x1	39-4	1	239	229	2019	female	39	vegetative_cell_high	tdsgR88B08	720.42	TRUE
Y36-1x1	36-1	1	293	261	2019	female	36	vegetative_cell_high	tdsgR92A10	132.288	TRUE
Y64-3x1	64-3	1	253	241	2019	female	64	sperm_cell_high	tdsgR53C03	48.0851	TRUE
Y32-1x1	32-1	1	202	202	2019	female	32	vegetative_cell_high	tdsgR27E01	47.4902	TRUE
Y2x52-3	2	52-3	270	253	2019	male	52	vegetative_cell_high	tdsgR52E07	153.004	TRUE
Y2x50G-5	2	50G-5	162	161	2019	male	50	sperm_cell_high	tdsgR106G12	126.303	TRUE
Y2x70-2	2	70-2	172	174	2019	male	70	vegetative_cell_high	tdsgR08A07	353.673	TRUE
Y2x49-4	2	49-4	179	152	2019	male	49	vegetative_cell_high	tdsgR24D03	165.028	TRUE
Y2x26-4	2	26-4	223	181	2019	male	26	vegetative_cell_high	tdsgR01G01	176.627	TRUE
Y2x14-6	2	14-6	135	168	2019	male	14	vegetative_cell_high	tdsgR92F08	330.685	TRUE
Y56-3x1	56-3	1	254	264	2019	female	56	vegetative_cell_high	tdsgR41F01	159.129	TRUE
Y2x35-1	2	35-1	216	255	2019	male	35	vegetative_cell_high	tdsgR81G05	64.6735	TRUE
Y2x63-7	2	63-7	204	191	2019	male	63	sperm_cell_high	tdsgR53C03	48.0851	TRUE
Y2x68-3	2	68-3	265	281	2019	male	68	vegetative_cell_high	tdsgR83B04	90.3365	TRUE
Y54-5x1	54-5	1	113	124	2019	female	54	vegetative_cell_high	tdsgR33F03	304.574	TRUE
Y51-6x1	51-6	1	230	251	2019	female	51	vegetative_cell_high	tdsgR52E07	153.004	TRUE
Y2x35-6	2	35-6	150	151	2019	male	35	vegetative_cell_high	tdsgR81G05	64.6735	TRUE
Y2x51-2	2	51-2	63	76	2019	male	51	vegetative_cell_high	tdsgR52E07	153.004	TRUE
Y2x86-1	2	86-1	278	284	2019	male	86	vegetative_cell_high	tdsgR103E04	35.5349	TRUE
Y50G-5x1	50G-5	1	268	225	2019	female	50	sperm_cell_high	tdsgR106G12	126.303	TRUE
Y2x70-5	2	70-5	134	151	2019	male	70	vegetative_cell_high	tdsgR08A07	353.673	TRUE
Y2x49-3	2	49-3	82	96	2019	male	49	vegetative_cell_high	tdsgR24D03	165.028	TRUE
Y2x26-3	2	26-3	229	289	2019	male	26	vegetative_cell_high	tdsgR01G01	176.627	TRUE
Y2x14-1	2	14-1	171	199	2019	male	14	vegetative_cell_high	tdsgR92F08	330.685	TRUE
Y2x45-3	2	45-3	114	126	2019	male	45	sperm_cell_high	tdsgR87A03	51.2846	TRUE
Y23-1x1	23-1	1	305	242	2019	female	23	vegetative_cell_high	tdsgR04A02	52.5708	TRUE
Y26-2x1	26-2	1	261	256	2019	female	26	vegetative_cell_high	tdsgR01G01	176.627	TRUE
Y2x18-1	2	18-1	139	140	2019	male	18	vegetative_cell_high	tdsgR02D02	54.9727	TRUE
Y2x32-2	2	32-2	159	152	2019	male	32	vegetative_cell_high	tdsgR27E01	47.4902	TRUE
Y2x64-4	2	64-4	154	114	2019	male	64	sperm_cell_high	tdsgR53C03	48.0851	TRUE
Y73-5x1	73-5	1	251	173	2019	female	73	sperm_cell_high	tdsgR35A03	160.436	TRUE
Y2x32-5	2	32-5	131	162	2019	male	32	vegetative_cell_high	tdsgR27E01	47.4902	TRUE
Y2x39-1	2	39-1	210	238	2019	male	39	vegetative_cell_high	tdsgR88B08	720.42	TRUE
Y20-4x1	20-4	1	201	235	2019	female	20	vegetative_cell_high	tdsgR23D05	31.1667	TRUE
Y2x56-1	2	56-1	228	259	2019	male	56	vegetative_cell_high	tdsgR41F01	159.129	TRUE
Y83-5x1	83-5	1	278	226	2019	female	83	vegetative_cell_high	tdsgR35A08	162	TRUE
Y2x64-3	2	64-3	140	194	2019	male	64	sperm_cell_high	tdsgR53C03	48.0851	TRUE
Y87-5x1	87-5	1	287	189	2019	female	87	sperm_cell_high	tdsgR84A12	392.156	TRUE
Y2x45-4	2	45-4	111	122	2019	male	45	sperm_cell_high	tdsgR87A03	51.2846	TRUE
Y72-6x1	72-6	1	197	199	2019	female	72	vegetative_cell_high	tdsgR67C09	21028.2	TRUE
Y24-4x1	24-4	1	160	203	2019	female	24	vegetative_cell_high	tdsgR102H01	2786.36	TRUE
Y2x25-5m2	2	25-5m2	283	307	2019	male	25	seedling_only	tdsgR63F09	38.2865666666667	TRUE
Y2x11-4	2	11-4	174	148	2019	male	11	sperm_cell_high	tdsgR91F11	220.451	TRUE
Y45-4x1	45-4	1	310	210	2019	female	45	sperm_cell_high	tdsgR87A03	51.2846	TRUE
Y2x66-5	2	66-5	196	194	2019	male	66	sperm_cell_high	tdsgR26G07	118.053	TRUE
Y18-3x1	18-3	1	280	252	2019	female	18	vegetative_cell_high	tdsgR02D02	54.9727	TRUE
Y2x66-2	2	66-2	196	194	2019	male	66	sperm_cell_high	tdsgR26G07	118.053	TRUE
Y46-1x1	46-1	1	212	202	2019	female	46	sperm_cell_high	tdsgR60D10	76.6179	TRUE
Y49-4x1	49-4	1	277	212	2019	female	49	vegetative_cell_high	tdsgR24D03	165.028	TRUE
Y2x23-1	2	23-1	240	234	2019	male	23	vegetative_cell_high	tdsgR04A02	52.5708	TRUE
Y2x20-6?	2	20-6?	233	228	2019	male	20	vegetative_cell_high	tdsgR23D05	31.1667	TRUE
Y2x24-5	2	24-5	179	303	2019	male	24	vegetative_cell_high	tdsgR102H01	2786.36	TRUE
Y2x82-10	2	82-10	254	261	2019	male	82	vegetative_cell_high	tdsgR35A08	162	TRUE
Y68-2x1	68-2	1	302	289	2019	female	68	vegetative_cell_high	tdsgR83B04	90.3365	TRUE
Y2x72-3	2	72-3	214	231	2019	male	72	vegetative_cell_high	tdsgR67C09	21028.2	TRUE
Y2x49G-2	2	49G-2	245	269	2019	male	49	vegetative_cell_high	tdsgR24D03	165.028	TRUE
Y34-6x1	34-6	1	220	228	2019	female	34	vegetative_cell_high	tdsgR101B03	4371.01	TRUE
Y41B-4x1	41B-4	1	200	159	2019	female	41	vegetative_cell_high	tdsgR98H09	369.498	TRUE
Y2x40-1	2	40-1	177	158	2019	male	40	sperm_cell_high	tdsgR31B01	46.2179	TRUE
Y63-7x1	63-7	1	222	191	2019	female	63	sperm_cell_high	tdsgR53C03	48.0851	TRUE
Y2x53-4	2	53-4	203	163	2019	male	53	seedling_only	tdsgR52B09	96.7292666666667	TRUE
Y69-1x1	69-1	1	298	235	2019	female	69	vegetative_cell_high	tdsgR49F11	4175.48	TRUE
Y2x53-3	2	53-3	162	135	2019	male	53	seedling_only	tdsgR52B09	96.7292666666667	TRUE
Y37-3x1	37-3	1	158	162	2019	female	37	seedling_only	tdsgR106F04	103.9473	TRUE
Y2x24-2	2	24-2	204	201	2019	male	24	vegetative_cell_high	tdsgR102H01	2786.36	TRUE
Y49-?5x1	49-?5	1	270	222	2019	female	49	vegetative_cell_high	tdsgR24D03	165.028	TRUE
Y20-3x1	20-3	1	247	232	2019	female	20	vegetative_cell_high	tdsgR23D05	31.1667	TRUE
Y73-2x1	73-2	1	226	241	2019	female	73	sperm_cell_high	tdsgR35A03	160.436	TRUE
Y2x63-3	2	63-3	202	228	2019	male	63	sperm_cell_high	tdsgR53C03	48.0851	TRUE
Y86-1x1	86-1	1	287	239	2019	female	86	vegetative_cell_high	tdsgR103E04	35.5349	TRUE
Y2x51-1	2	51-1	155	166	2019	male	51	vegetative_cell_high	tdsgR52E07	153.004	TRUE
Y2x86-2	2	86-2	306	199	2019	male	86	vegetative_cell_high	tdsgR103E04	35.5349	TRUE
Y87-2x1	87-2	1	265	242	2019	female	87	sperm_cell_high	tdsgR84A12	392.156	TRUE
Y2x70-6	2	70-6	190	148	2019	male	70	vegetative_cell_high	tdsgR08A07	353.673	TRUE
Y24-3x1	24-3	1	259	252	2019	female	24	vegetative_cell_high	tdsgR102H01	2786.36	TRUE
Y2x14-2	2	14-2	100	100	2019	male	14	vegetative_cell_high	tdsgR92F08	330.685	TRUE
Y72-1x1	72-1	1	239	262	2019	female	72	vegetative_cell_high	tdsgR67C09	21028.2	TRUE
Y2x86-5	2	86-5	183	144	2019	male	86	vegetative_cell_high	tdsgR103E04	35.5349	TRUE
Y85-4x1	85-4	1	107	100	2019	female	85	vegetative_cell_high	tdsgR34C11	885.729	TRUE
Y2x70-1	2	70-1	221	165	2019	male	70	vegetative_cell_high	tdsgR08A07	353.673	TRUE
Y75-4x1	75-4	1	251	241	2019	female	75	vegetative_cell_high	tdsgR45E04	32.8555	TRUE
Y26-5x1	26-5	1	211	256	2019	female	26	vegetative_cell_high	tdsgR01G01	176.627	TRUE
Y2x14-5	2	14-5	172	210	2019	male	14	vegetative_cell_high	tdsgR92F08	330.685	TRUE
Y71-4x1	71-4	1	237	268	2019	female	71	vegetative_cell_high	tdsgR81E02	4371.01	TRUE
Y2x35-2	2	35-2	236	233	2019	male	35	vegetative_cell_high	tdsgR81G05	64.6735	TRUE
Y2x51-6	2	51-6	171	198	2019	male	51	vegetative_cell_high	tdsgR52E07	153.004	TRUE
Y2x32-6	2	32-6	149	148	2019	male	32	vegetative_cell_high	tdsgR27E01	47.4902	TRUE
Y2x73G-1	2	73G-1	260	234	2019	male	73	sperm_cell_high	tdsgR35A03	160.436	TRUE
Y54-2x1	54-2	1	203	211	2019	female	54	vegetative_cell_high	tdsgR33F03	304.574	TRUE
Y2x39-2	2	39-2	235	229	2019	male	39	vegetative_cell_high	tdsgR88B08	720.42	TRUE
Y51-1x1	51-1	1	303	252	2019	female	51	vegetative_cell_high	tdsgR52E07	153.004	TRUE
Y2x56-2	2	56-2	174	164	2019	male	56	vegetative_cell_high	tdsgR41F01	159.129	TRUE
Y50G-2x1	50G-2	1	279	265	2019	female	50	sperm_cell_high	tdsgR106G12	126.303	TRUE
Y2x25-5m1	2	25-5m1	308	266	2019	male	25	seedling_only	tdsgR63F09	38.2865666666667	TRUE
Y2x18-5	2	18-5	249	272	2019	male	18	vegetative_cell_high	tdsgR02D02	54.9727	TRUE
Y55-1x1	55-1	1	126	151	2019	female	55	vegetative_cell_high	tdsgR77F09	33.3009	TRUE
Y58-2x1	58-2	1	225	195	2019	female	58	vegetative_cell_high	tdsgR99B02	56.2152	TRUE
Y2x18-2	2	18-2	204	207	2019	male	18	vegetative_cell_high	tdsgR02D02	54.9727	TRUE
Y56-4x1	56-4	1	315	285	2019	female	56	vegetative_cell_high	tdsgR41F01	159.129	TRUE
Y2x32-1	2	32-1	267	275	2019	male	32	vegetative_cell_high	tdsgR27E01	47.4902	TRUE
Y38-1x1	38-1	1	277	202	2019	female	38	vegetative_cell_high	tdsgR04G10	60.916	TRUE
Y2x54-3	2	54-3	161	166	2019	male	54	vegetative_cell_high	tdsgR33F03	304.574	TRUE
Y37-4x1	37-4	1	214	234	2019	female	37	seedling_only	tdsgR106F04	103.9473	TRUE
Y86G-2x1	86G-2	1	242	257	2019	female	86	vegetative_cell_high	tdsgR103E04	35.5349	TRUE
Y2x23-2	2	23-2	131	185	2019	male	23	vegetative_cell_high	tdsgR04A02	52.5708	TRUE
Y2x88-4	2	88-4	216	227	2019	male	88	vegetative_cell_high	tdsgR107C12	885.729	TRUE
Y2x75-4	2	75-4	126	174	2019	male	75	vegetative_cell_high	tdsgR45E04	32.8555	TRUE
Y34-1x1	34-1	1	260	233	2019	female	34	vegetative_cell_high	tdsgR101B03	4371.01	TRUE
Y2x88-3	2	88-3	222	207	2019	male	88	vegetative_cell_high	tdsgR107C12	885.729	TRUE
Y62-3x1	62-3	1	222	236	2019	female	62	vegetative_cell_high	tdsgR31H05	196.9	TRUE
Y2x66-6	2	66-6	234	234	2019	male	66	sperm_cell_high	tdsgR26G07	118.053	TRUE
Y35-2x1	35-2	1	251	254	2019	female	35	vegetative_cell_high	tdsgR81G05	64.6735	TRUE
Y66-3x1	66-3	1	249	211	2019	female	66	sperm_cell_high	tdsgR26G07	118.053	TRUE
Y2x54-4	2	54-4	146	202	2019	male	54	vegetative_cell_high	tdsgR33F03	304.574	TRUE
Y69-6x1	69-6	1	245	245	2019	female	69	vegetative_cell_high	tdsgR49F11	4175.48	TRUE
Y82-10x1	82-10	1	286	319	2019	female	82	vegetative_cell_high	tdsgR35A08	162	TRUE
Y39-3bx1	39-3b	1	186	201	2019	female	39	vegetative_cell_high	tdsgR88B08	720.42	TRUE
Y46-6x1	46-6	1	261	238	2019	female	46	sperm_cell_high	tdsgR60D10	76.6179	TRUE
Y43-5x1	43-5	1	224	226	2019	female	43	seedling_only	tdsgR46C04	106.187666666667	TRUE
Y49-3x1	49-3	1	222	213	2019	female	49	vegetative_cell_high	tdsgR24D03	165.028	TRUE
Y2x37-4	2	37-4	232	216	2019	male	37	seedling_only	tdsgR106F04	103.9473	TRUE
Y2x24-1	2	24-1	263	201	2019	male	24	vegetative_cell_high	tdsgR102H01	2786.36	TRUE
Y2x40-5	2	40-5	155	216	2019	male	40	sperm_cell_high	tdsgR31B01	46.2179	TRUE
Y2x84-3	2	84-3	190	159	2019	male	84	seedling_only	tdsgR65E02	234.641	TRUE
Y2x82-13	2	82-13	138	138	2019	male	82	vegetative_cell_high	tdsgR35A08	162	TRUE
Y2x40-2	2	40-2	202	180	2019	male	40	sperm_cell_high	tdsgR31B01	46.2179	TRUE
Y2x84-4	2	84-4	233	211	2019	male	84	seedling_only	tdsgR65E02	234.641	TRUE
Y45-3x1	45-3	1	267	283	2019	female	45	sperm_cell_high	tdsgR87A03	51.2846	TRUE
Y2x49G-1	2	49G-1	121	126	2019	male	49	vegetative_cell_high	tdsgR24D03	165.028	TRUE
Y18-4x1	18-4	1	255	258	2019	female	18	vegetative_cell_high	tdsgR02D02	54.9727	TRUE
Y17-1x1	17-1	1	284	235	2019	female	17	vegetative_cell_high	tdsgR32B05	32.8555	TRUE
Y2x58-3	2	58-3	110	122	2019	male	58	vegetative_cell_high	tdsgR99B02	56.2152	TRUE
Y2x37-3	2	37-3	172	182	2019	male	37	seedling_only	tdsgR106F04	103.9473	TRUE
Y49G-1x1	49G-1	1	189	197	2019	female	49	vegetative_cell_high	tdsgR24D03	165.028	TRUE
Y2x71-6	2	71-6	251	278	2019	male	71	vegetative_cell_high	tdsgR81E02	4371.01	TRUE
Y87-3x1	87-3	1	284	248	2019	female	87	sperm_cell_high	tdsgR84A12	392.156	TRUE
Y2x43-4	2	43-4	249	229	2019	male	43	seedling_only	tdsgR46C04	106.187666666667	TRUE
Y2x87-2	2	87-2	47	194	2019	male	87	sperm_cell_high	tdsgR84A12	392.156	TRUE
Y24-2x1	24-2	1	257	268	2019	female	24	vegetative_cell_high	tdsgR102H01	2786.36	TRUE
Y73-3x1	73-3	1	282	256	2019	female	73	sperm_cell_high	tdsgR35A03	160.436	TRUE
Y2x34-5	2	34-5	139	151	2019	male	34	vegetative_cell_high	tdsgR101B03	4371.01	TRUE
Y20-2x1	20-2	1	213	199	2019	female	20	vegetative_cell_high	tdsgR23D05	31.1667	TRUE
Y25-1x1	25-1	1	228	238	2019	female	25	seedling_only	tdsgR63F09	38.2865666666667	TRUE
Y2x62-3	2	62-3	126	126	2019	male	62	vegetative_cell_high	tdsgR31H05	196.9	TRUE
Y2x34-2	2	34-2	192	194	2019	male	34	vegetative_cell_high	tdsgR101B03	4371.01	TRUE
Y71-5x1	71-5	1	194	200	2019	female	71	vegetative_cell_high	tdsgR81E02	4371.01	TRUE
Y84-6x1	84-6	1	276	258	2019	female	84	seedling_only	tdsgR65E02	234.641	TRUE
Y2x71-1	2	71-1	197	242	2019	male	71	vegetative_cell_high	tdsgR81E02	4371.01	TRUE
Y2x43-3	2	43-3	122	109	2019	male	43	seedling_only	tdsgR46C04	106.187666666667	TRUE
Y85-5x1	85-5	1	357	157	2019	female	85	vegetative_cell_high	tdsgR34C11	885.729	TRUE
Y80-6x1	80-6	1	230	255	2019	female	80	vegetative_cell_high	tdsgR72D11	90.5725	TRUE
Y2x87-5	2	87-5	38	200	2019	male	87	sperm_cell_high	tdsgR84A12	392.156	TRUE
Y26-4x1	26-4	1	269	271	2019	female	26	vegetative_cell_high	tdsgR01G01	176.627	TRUE
Y70-6x1	70-6	1	234	207	2019	female	70	vegetative_cell_high	tdsgR08A07	353.673	TRUE
Y75-5x1	75-5	1	273	271	2019	female	75	vegetative_cell_high	tdsgR45E04	32.8555	TRUE
Y50G-3x1	50G-3	1	174	204	2019	female	50	sperm_cell_high	tdsgR106G12	126.303	TRUE
Y2x80-1	2	80-1	217	230	2019	male	80	vegetative_cell_high	tdsgR72D11	90.5725	TRUE
Y2x19-5	2	19-5	164	300	2019	male	19	sperm_cell_high	tdsgR82A03	392.156	TRUE
Y2x20-3	2	20-3	124	141	2019	male	20	vegetative_cell_high	tdsgR23D05	31.1667	TRUE
Y2x41B-1	2	41B-1	221	170	2019	male	41	vegetative_cell_high	tdsgR98H09	369.498	TRUE
Y54-3x1	54-3	1	80	94	2019	female	54	vegetative_cell_high	tdsgR33F03	304.574	TRUE
Y2x38-2	2	38-2	220	220	2019	male	38	vegetative_cell_high	tdsgR04G10	60.916	TRUE
Y2x41B-6	2	41B-6	88	117	2019	male	41	vegetative_cell_high	tdsgR98H09	369.498	TRUE
Y2x38-5	2	38-5	160	153	2019	male	38	vegetative_cell_high	tdsgR04G10	60.916	TRUE
Y2x33-1	2	33-1	201	164	2019	male	33	vegetative_cell_high	tdsgR27E01	47.4902	TRUE
Y53-6x1	53-6	1	257	256	2019	female	53	seedling_only	tdsgR52B09	96.7292666666667	TRUE
Y2x80-6	2	80-6	124	134	2019	male	80	vegetative_cell_high	tdsgR72D11	90.5725	TRUE
Y2x19-2	2	19-2	153	361	2019	male	19	sperm_cell_high	tdsgR82A03	392.156	TRUE
Y2x20-4	2	20-4	183	213	2019	male	20	vegetative_cell_high	tdsgR23D05	31.1667	TRUE
Y58-3x1	58-3	1	255	245	2019	female	58	vegetative_cell_high	tdsgR99B02	56.2152	TRUE
Y2x46-6	2	46-6	330	268	2019	male	46	sperm_cell_high	tdsgR60D10	76.6179	TRUE
Y32-6x1	32-6	1	235	226	2019	female	32	vegetative_cell_high	tdsgR27E01	47.4902	TRUE
Y37-5x1	37-5	1	134	149	2019	female	37	seedling_only	tdsgR106F04	103.9473	TRUE
Y64-4x1	64-4	1	172	157	2019	female	64	sperm_cell_high	tdsgR53C03	48.0851	TRUE
Y63-1x1	63-1	1	255	276	2019	female	63	sperm_cell_high	tdsgR53C03	48.0851	TRUE
Y2x55-4	2	55-4	187	234	2019	male	55	vegetative_cell_high	tdsgR77F09	33.3009	TRUE
Y66-2x1	66-2	1	284	267	2019	female	66	sperm_cell_high	tdsgR26G07	118.053	TRUE
Y2x86G-1	2	86G-1	91	94	2019	male	86	vegetative_cell_high	tdsgR103E04	35.5349	TRUE
Y35-3x1	35-3	1	196	241	2019	female	35	vegetative_cell_high	tdsgR81G05	64.6735	TRUE
Y82-11x1	82-11	1	220	239	2019	female	82	vegetative_cell_high	tdsgR35A08	162	TRUE
Y62-2x1	62-2	1	260	227	2019	female	62	vegetative_cell_high	tdsgR31H05	196.9	TRUE
Y67-1x1	67-1	1	218	221	2019	female	67	sperm_cell_high	tdsgR26G07	118.053	TRUE
Y2x46-1	2	46-1	269	221	2019	male	46	sperm_cell_high	tdsgR60D10	76.6179	TRUE
Y41B-2x1	41B-2	1	253	265	2019	female	41	vegetative_cell_high	tdsgR98H09	369.498	TRUE
Y2x82-7	2	82-7	163	177	2019	male	82	vegetative_cell_high	tdsgR35A08	162	TRUE
Y2x25-1	2	25-1	167	173	2019	male	25	seedling_only	tdsgR63F09	38.2865666666667	TRUE
Y2x17-3	2	17-3	260	277	2019	male	17	vegetative_cell_high	tdsgR32B05	32.8555	TRUE
Y14-5x1	14-5	1	160	181	2019	female	14	vegetative_cell_high	tdsgR92F08	330.685	TRUE
Y67G-2x1	67G-2	1	296	275	2019	female	67	sperm_cell_high	tdsgR26G07	118.053	TRUE
Y2x59-4	2	59-4	216	250	2019	male	59	seedling_only	tdsgR12H07	37.5026	TRUE
Y43-4x1	43-4	1	239	211	2019	female	43	seedling_only	tdsgR46C04	106.187666666667	TRUE
Y2x36-4	2	36-4	240	187	2019	male	36	vegetative_cell_high	tdsgR92A10	132.288	TRUE
Y2x50G-6	2	50G-6	268	246	2019	male	50	sperm_cell_high	tdsgR106G12	126.303	TRUE
Y18-5x1	18-5	1	256	242	2019	female	18	vegetative_cell_high	tdsgR02D02	54.9727	TRUE
Y2x36-3	2	36-3	280	272	2019	male	36	vegetative_cell_high	tdsgR92A10	132.288	TRUE
Y2x50G-1	2	50G-1	183	143	2019	male	50	sperm_cell_high	tdsgR106G12	126.303	TRUE
Y2x25-6	2	25-6	186	193	2019	male	25	seedling_only	tdsgR63F09	38.2865666666667	TRUE
Y2x17-4	2	17-4	221	236	2019	male	17	vegetative_cell_high	tdsgR32B05	32.8555	TRUE
Y45-2x1	45-2	1	251	265	2019	female	45	sperm_cell_high	tdsgR87A03	51.2846	TRUE
Y40-1x1	40-1	1	223	234	2019	female	40	sperm_cell_high	tdsgR31B01	46.2179	TRUE
Y2x85-4	2	85-4	200	169	2019	male	85	vegetative_cell_high	tdsgR34C11	885.729	TRUE
Y19-6x1	19-6	1	229	224	2019	female	19	sperm_cell_high	tdsgR82A03	392.156	TRUE
Y75-6x1	75-6	1	270	256	2019	female	75	vegetative_cell_high	tdsgR45E04	32.8555	TRUE
Y70-5x1	70-5	1	222	217	2019	female	70	vegetative_cell_high	tdsgR08A07	353.673	TRUE
Y2x72-1	2	72-1	152	154	2019	male	72	vegetative_cell_high	tdsgR67C09	21028.2	TRUE
Y2x82-12	2	82-12	147	159	2019	male	82	vegetative_cell_high	tdsgR35A08	162	TRUE
Y80-5x1	80-5	1	268	273	2019	female	80	vegetative_cell_high	tdsgR72D11	90.5725	TRUE
Y2x40-3	2	40-3	199	214	2019	male	40	sperm_cell_high	tdsgR31B01	46.2179	TRUE
Y85-6x1	85-6	1	216	184	2019	female	85	vegetative_cell_high	tdsgR34C11	885.729	TRUE
Y2x84-5	2	84-5	227	253	2019	male	84	seedling_only	tdsgR65E02	234.641	TRUE
Y2x53-6	2	53-6	95	97	2019	male	53	seedling_only	tdsgR52B09	96.7292666666667	TRUE
Y2x58-2	2	58-2	246	257	2019	male	58	vegetative_cell_high	tdsgR99B02	56.2152	TRUE
Y84-5x1	84-5	1	238	223	2019	female	84	seedling_only	tdsgR65E02	234.641	TRUE
Y71-6x1	71-6	1	237	252	2019	female	71	vegetative_cell_high	tdsgR81E02	4371.01	TRUE
Y86-3x1	86-3	1	282	98	2019	female	86	vegetative_cell_high	tdsgR103E04	35.5349	TRUE
Y2x53-1	2	53-1	282	260	2019	male	53	seedling_only	tdsgR52B09	96.7292666666667	TRUE
Y2x37-5	2	37-5	188	211	2019	male	37	seedling_only	tdsgR106F04	103.9473	TRUE
Y25-2x1	25-2	1	244	236	2019	female	25	seedling_only	tdsgR63F09	38.2865666666667	TRUE
Y72-3x1	72-3	1	240	231	2019	female	72	vegetative_cell_high	tdsgR67C09	21028.2	TRUE
Y2x66-9	2	66-9	244	262	2019	male	66	sperm_cell_high	tdsgR26G07	118.053	TRUE
Y24-1x1	24-1	1	249	252	2019	female	24	vegetative_cell_high	tdsgR102H01	2786.36	TRUE
Y2x84-2	2	84-2	188	191	2019	male	84	seedling_only	tdsgR65E02	234.641	TRUE
Y2x23-4	2	23-4	189	294	2019	male	23	vegetative_cell_high	tdsgR04A02	52.5708	TRUE
Y2x75-2	2	75-2	158	156	2019	male	75	vegetative_cell_high	tdsgR45E04	32.8555	TRUE
Y2x66-7	2	66-7	211	235	2019	male	66	sperm_cell_high	tdsgR26G07	118.053	TRUE
Y2x54-5	2	54-5	143	150	2019	male	54	vegetative_cell_high	tdsgR33F03	304.574	TRUE
Y53-5x1	53-5	1	288	235	2019	female	53	seedling_only	tdsgR52B09	96.7292666666667	TRUE
Y2x54-2	2	54-2	165	183	2019	male	54	vegetative_cell_high	tdsgR33F03	304.574	TRUE
Y51-3x1	51-3	1	198	212	2019	female	51	vegetative_cell_high	tdsgR52E07	153.004	TRUE
Y2x72-6m1	2	72-6m1	249	290	2019	male	72	vegetative_cell_high	tdsgR67C09	21028.2	TRUE
Y2x23-3	2	23-3	206	215	2019	male	23	vegetative_cell_high	tdsgR04A02	52.5708	TRUE
Y2x11-1	2	11-1	252	236	2019	male	11	sperm_cell_high	tdsgR91F11	220.451	TRUE
Y2x83-1	2	83-1	222	216	2019	male	83	vegetative_cell_high	tdsgR35A08	162	TRUE
Y2x75-5	2	75-5	134	135	2019	male	75	vegetative_cell_high	tdsgR45E04	32.8555	TRUE
Y62-1x1	62-1	1	265	238	2019	female	62	vegetative_cell_high	tdsgR31H05	196.9	TRUE
Y41B-1x1	41B-1	1	258	203	2019	female	41	vegetative_cell_high	tdsgR98H09	369.498	TRUE
Y34-3x1	34-3	1	254	258	2019	female	34	vegetative_cell_high	tdsgR101B03	4371.01	TRUE
Y2x18-3	2	18-3	285	283	2019	male	18	vegetative_cell_high	tdsgR02D02	54.9727	TRUE
Y2x39-4	2	39-4	163	153	2019	male	39	vegetative_cell_high	tdsgR88B08	720.42	TRUE
Y82-12x1	82-12	1	226	197	2019	female	82	vegetative_cell_high	tdsgR35A08	162	TRUE
Y69-4x1	69-4	1	213	250	2019	female	69	vegetative_cell_high	tdsgR49F11	4175.48	TRUE
Y63-2x1	63-2	1	231	249	2019	female	63	sperm_cell_high	tdsgR53C03	48.0851	TRUE
Y2x20-5?	2	20-5?	217	209	2019	male	20	vegetative_cell_high	tdsgR23D05	31.1667	TRUE
Y2x39-3	2	39-3	184	199	2019	male	39	vegetative_cell_high	tdsgR88B08	720.42	TRUE
Y37-6x1	37-6	1	254	208	2019	female	37	seedling_only	tdsgR106F04	103.9473	TRUE
Y32-5x1	32-5	1	242	258	2019	female	32	vegetative_cell_high	tdsgR27E01	47.4902	TRUE
Y38-3x1	38-3	1	269	235	2019	female	38	vegetative_cell_high	tdsgR04G10	60.916	TRUE
Y2x56-3	2	56-3	164	201	2019	male	56	vegetative_cell_high	tdsgR41F01	159.129	TRUE
Y2x18-4	2	18-4	278	250	2019	male	18	vegetative_cell_high	tdsgR02D02	54.9727	TRUE
Y2x86-4	2	86-4	253	196	2019	male	86	vegetative_cell_high	tdsgR103E04	35.5349	TRUE
Y40-2x1	40-2	1	262	229	2019	female	40	sperm_cell_high	tdsgR31B01	46.2179	TRUE
Y19-5x1	19-5	1	215	230	2019	female	19	sperm_cell_high	tdsgR82A03	392.156	TRUE
Y2x35-3	2	35-3	255	248	2019	male	35	vegetative_cell_high	tdsgR81G05	64.6735	TRUE
Y2x63-5	2	63-5	102	106	2019	male	63	sperm_cell_high	tdsgR53C03	48.0851	TRUE
Y17-3x1	17-3	1	265	269	2019	female	17	vegetative_cell_high	tdsgR32B05	32.8555	TRUE
Y2x68-1	2	68-1	79	117	2019	male	68	vegetative_cell_high	tdsgR83B04	90.3365	TRUE
Y2x35-4	2	35-4	118	140	2019	male	35	vegetative_cell_high	tdsgR81G05	64.6735	TRUE
Y2x63-2	2	63-2	203	174	2019	male	63	sperm_cell_high	tdsgR53C03	48.0851	TRUE
Y49-1x1	49-1	1	247	213	2019	female	49	vegetative_cell_high	tdsgR24D03	165.028	TRUE
Y2x68-6	2	68-6	183	162	2019	male	68	vegetative_cell_high	tdsgR83B04	90.3365	TRUE
Y2x86-3	2	86-3	235	211	2019	male	86	vegetative_cell_high	tdsgR103E04	35.5349	TRUE
Y11-5x1	11-5	1	276	272	2019	female	11	sperm_cell_high	tdsgR91F11	220.451	TRUE
Y67G-1x1	67G-1	1	223	210	2019	female	67	sperm_cell_high	tdsgR26G07	118.053	TRUE
Y14-6x1	14-6	1	206	209	2019	female	14	vegetative_cell_high	tdsgR92F08	330.685	TRUE
Y2x49-1	2	49-1	111	73	2019	male	49	vegetative_cell_high	tdsgR24D03	165.028	TRUE
Y2x26-1	2	26-1	217	251	2019	male	26	vegetative_cell_high	tdsgR01G01	176.627	TRUE
Y84-4x1	84-4	1	222	226	2019	female	84	seedling_only	tdsgR65E02	234.641	TRUE
Y2x59-2	2	59-2	96	84	2019	male	59	seedling_only	tdsgR12H07	37.5026	TRUE
Y2x36-2	2	36-2	165	211	2019	male	36	vegetative_cell_high	tdsgR92A10	132.288	TRUE
Y2x58-4m1	2	58-4m1	103	121	2019	male	58	vegetative_cell_high	tdsgR99B02	56.2152	TRUE
Y73G-1?x1	73G-1?	1	195	215	2019	female	73	sperm_cell_high	tdsgR35A03	160.436	TRUE
Y2x85-5	2	85-5	183	192	2019	male	85	vegetative_cell_high	tdsgR34C11	885.729	TRUE
Y2x73-1	2	73-1	262	266	2019	male	73	sperm_cell_high	tdsgR35A03	160.436	TRUE
Y2x17-2	2	17-2	225	211	2019	male	17	vegetative_cell_high	tdsgR32B05	32.8555	TRUE
Y72-2x1	72-2	1	239	246	2019	female	72	vegetative_cell_high	tdsgR67C09	21028.2	TRUE
Y88-4x1	88-4	1	208	178	2019	female	88	vegetative_cell_high	tdsgR107C12	885.729	TRUE
Y87-1x1	87-1	1	241	198	2019	female	87	sperm_cell_high	tdsgR84A12	392.156	TRUE
Y83-1x1	83-1	1	275	272	2019	female	83	vegetative_cell_high	tdsgR35A08	162	TRUE
Y2x52-1	2	52-1	234	242	2019	male	52	vegetative_cell_high	tdsgR52E07	153.004	TRUE
Y86-2x1	86-2	1	235	223	2019	female	86	vegetative_cell_high	tdsgR103E04	35.5349	TRUE
Y25-3x1	25-3	1	265	251	2019	female	25	seedling_only	tdsgR63F09	38.2865666666667	TRUE
Y2x50G-7	2	50G-7	157	191	2019	male	50	sperm_cell_high	tdsgR106G12	126.303	TRUE
Y73-1x1	73-1	1	142	149	2019	female	73	sperm_cell_high	tdsgR35A03	160.436	TRUE
Y2x82-8	2	82-8	180	176	2019	male	82	vegetative_cell_high	tdsgR35A08	162	TRUE
Y2x55-5	2	55-5	98	85	2019	male	55	vegetative_cell_high	tdsgR77F09	33.3009	TRUE
Y53-4x1	53-4	1	183	215	2019	female	53	seedling_only	tdsgR52B09	96.7292666666667	TRUE
Y59-2x1	59-2	1	237	240	2019	female	59	seedling_only	tdsgR12H07	37.5026	TRUE
Y58-1x1	58-1	1	281	273	2019	female	58	vegetative_cell_high	tdsgR99B02	56.2152	TRUE
Y55-2x1	55-2	1	310	201	2019	female	55	vegetative_cell_high	tdsgR77F09	33.3009	TRUE
Y50G-1x1	50G-1	1	233	217	2019	female	50	sperm_cell_high	tdsgR106G12	126.303	TRUE
Y2x55-2	2	55-2	118	162	2019	male	55	vegetative_cell_high	tdsgR77F09	33.3009	TRUE
Y51-2x1	51-2	1	141	145	2019	female	51	vegetative_cell_high	tdsgR52E07	153.004	TRUE
Y54-1x1	54-1	1	212	220	2019	female	54	vegetative_cell_high	tdsgR33F03	304.574	TRUE
Y82-13x1	82-13	1	185	204	2019	female	82	vegetative_cell_high	tdsgR35A08	162	TRUE
Y39-3ax1	39-3a	1	251	253	2019	female	39	vegetative_cell_high	tdsgR88B08	720.42	TRUE
Y35-1x1	35-1	1	226	235	2019	female	35	vegetative_cell_high	tdsgR81G05	64.6735	TRUE
Y63-3x1	63-3	1	237	228	2019	female	63	sperm_cell_high	tdsgR53C03	48.0851	TRUE
Y69-5x1	69-5	1	269	248	2019	female	69	vegetative_cell_high	tdsgR49F11	4175.48	TRUE
Y34-2x1	34-2	1	247	289	2019	female	34	vegetative_cell_high	tdsgR101B03	4371.01	TRUE
Y68-6x1	68-6	1	166	189	2019	female	68	vegetative_cell_high	tdsgR83B04	90.3365	TRUE
Y2x19-3	2	19-3	104	213	2019	male	19	sperm_cell_high	tdsgR82A03	392.156	TRUE
Y36-4x1	36-4	1	151	133	2019	female	36	vegetative_cell_high	tdsgR92A10	132.288	TRUE
Y39-1x1	39-1	1	199	186	2019	female	39	vegetative_cell_high	tdsgR88B08	720.42	TRUE
Y2x19-4	2	19-4	98	154	2019	male	19	sperm_cell_high	tdsgR82A03	392.156	TRUE
Y86G-1x1	86G-1	1	265	247	2019	female	86	vegetative_cell_high	tdsgR103E04	35.5349	TRUE
Y2x20-2	2	20-2	213	233	2019	male	20	vegetative_cell_high	tdsgR23D05	31.1667	TRUE
Y2x38-3	2	38-3	74	58	2019	male	38	vegetative_cell_high	tdsgR04G10	60.916	TRUE
Y38-2x1	38-2	1	287	260	2019	female	38	vegetative_cell_high	tdsgR04G10	60.916	TRUE
Y32-4x1	32-4	1	92	58	2019	female	32	vegetative_cell_high	tdsgR27E01	47.4902	TRUE
Y2x34-3	2	34-3	164	196	2019	male	34	vegetative_cell_high	tdsgR101B03	4371.01	TRUE
Y49G-2x1	49G-2	1	197	190	2019	female	49	vegetative_cell_high	tdsgR24D03	165.028	TRUE
Y2x69-1	2	69-1	144	181	2019	male	69	vegetative_cell_high	tdsgR49F11	4175.48	TRUE
Y17-2x1	17-2	1	229	235	2019	female	17	vegetative_cell_high	tdsgR32B05	32.8555	TRUE
Y19-4x1	19-4	1	250	280	2019	female	19	sperm_cell_high	tdsgR82A03	392.156	TRUE
Y40-3x1	40-3	1	219	204	2019	female	40	sperm_cell_high	tdsgR31B01	46.2179	TRUE
Y2x87-4	2	87-4	78	196	2019	male	87	sperm_cell_high	tdsgR84A12	392.156	TRUE
Y2x66-10	2	66-10	182	163	2019	male	66	sperm_cell_high	tdsgR26G07	118.053	TRUE
Y2x43-5	2	43-5	132	164	2019	male	43	seedling_only	tdsgR46C04	106.187666666667	TRUE
Y11-4x1	11-4	1	239	241	2019	female	11	sperm_cell_high	tdsgR91F11	220.451	TRUE
Y2x87-3	2	87-3	101	253	2019	male	87	sperm_cell_high	tdsgR84A12	392.156	TRUE
Y2x69-6	2	69-6	136	180	2019	male	69	vegetative_cell_high	tdsgR49F11	4175.48	TRUE
Y2x62-2	2	62-2	209	210	2019	male	62	vegetative_cell_high	tdsgR31H05	196.9	TRUE
Y2x81-1	2	81-1	90	100	2019_additional_alleles	male	81	seedling_only	tdsgR44E07	116.5753333	TRUE
Y2x81-6	2	81-6	119	137	2019_additional_alleles	male	81	seedling_only	tdsgR44E07	116.5753333	TRUE
Y2x42-4	2	42-4	146	173	2019_additional_alleles	male	42	sperm_cell_high	tdsgR83A02	508.239	TRUE
Y2x42-3	2	42-3	281	244	2019_additional_alleles	male	42	sperm_cell_high	tdsgR83A02	508.239	TRUE
Y2x81-3m1	2	81-3m1	293	293	2019_additional_alleles	male	81	seedling_only	tdsgR44E07	116.5753333	TRUE
Y2x74G-2	2	74G-2	214	157	2019_additional_alleles	male	74	seedling_only	tdsgR65A10	695.5563333	TRUE
Y2x89-4	2	89-4	176	203	2019_additional_alleles	male	89	seedling_only	tdsgR106E07	35.1108	TRUE
Y2x74-4	2	74-4	142	145	2019_additional_alleles	male	74	seedling_only	tdsgR65A10	695.5563333	TRUE
Y2x89-3	2	89-3	269	301	2019_additional_alleles	male	89	seedling_only	tdsgR106E07	35.1108	TRUE
Y2x74-3	2	74-3	227	192	2019_additional_alleles	male	74	seedling_only	tdsgR65A10	695.5563333	TRUE
Y2x44-7	2	44-7	104	127	2019_additional_alleles	male	44	seedling_only	tdsgR91G06	53.8378	TRUE
Y2x42-2	2	42-2	147	202	2019_additional_alleles	male	42	sperm_cell_high	tdsgR83A02	508.239	TRUE
Y2x42-5	2	42-5	153	153	2019_additional_alleles	male	42	sperm_cell_high	tdsgR83A02	508.239	TRUE
Y2x44-1	2	44-1	205	200	2019_additional_alleles	male	44	seedling_only	tdsgR91G06	53.8378	TRUE
Y2x44-6	2	44-6	207	185	2019_additional_alleles	male	44	seedling_only	tdsgR91G06	53.8378	TRUE
Y2x74-2	2	74-2	264	209	2019_additional_alleles	male	74	seedling_only	tdsgR65A10	695.5563333	TRUE
Y2x89-2	2	89-2	251	289	2019_additional_alleles	male	89	seedling_only	tdsgR106E07	35.1108	TRUE
Y2x74-5	2	74-5	180	182	2019_additional_alleles	male	74	seedling_only	tdsgR65A10	695.5563333	TRUE
Y2x74G-3	2	74G-3	259	251	2019_additional_alleles	male	74	seedling_only	tdsgR65A10	695.5563333	TRUE
Y2x44-5	2	44-5	237	204	2019_additional_alleles	male	44	seedling_only	tdsgR91G06	53.8378	TRUE
Y2x44-2	2	44-2	140	181	2019_additional_alleles	male	44	seedling_only	tdsgR91G06	53.8378	TRUE
Y2x89-6	2	89-6	202	207	2019_additional_alleles	male	89	seedling_only	tdsgR106E07	35.1108	TRUE
Y2x74-1	2	74-1	151	123	2019_additional_alleles	male	74	seedling_only	tdsgR65A10	695.5563333	TRUE
Y2x89-8	2	89-8	250	268	2019_additional_alleles	male	89	seedling_only	tdsgR106E07	35.1108	TRUE
Y2x42-6	2	42-6	239	217	2019_additional_alleles	male	42	sperm_cell_high	tdsgR83A02	508.239	TRUE
Y2x42-1	2	42-1	160	162	2019_additional_alleles	male	42	sperm_cell_high	tdsgR83A02	508.239	TRUE
Y2x81-4	2	81-4	167	150	2019_additional_alleles	male	81	seedling_only	tdsgR44E07	116.5753333	TRUE
Y2x89-11	2	89-11	263	298	2019_additional_alleles	male	89	seedling_only	tdsgR106E07	35.1108	TRUE
Y2x89-7	2	89-7	289	229	2019_additional_alleles	male	89	seedling_only	tdsgR106E07	35.1108	TRUE
Y2x44-3	2	44-3	293	242	2019_additional_alleles	male	44	seedling_only	tdsgR91G06	53.8378	TRUE
Y2x81-5	2	81-5	180	207	2019_additional_alleles	male	81	seedling_only	tdsgR44E07	116.5753333	TRUE
Y2x81-2	2	81-2	211	231	2019_additional_alleles	male	81	seedling_only	tdsgR44E07	116.5753333	TRUE
Y2x81-3m2	2	81-3m2	60	94	2019_additional_alleles	male	81	seedling_only	tdsgR44E07	116.5753333	TRUE
Y2x42-7	2	42-7	236	271	2019_additional_alleles	male	42	sperm_cell_high	tdsgR83A02	508.239	TRUE
Y81-1x1	81-1	1	319	308	2019_additional_alleles	female	81	seedling_only	tdsgR44E07	116.5753333	TRUE
Y74-2x1	74-2	1	258	230	2019_additional_alleles	female	74	seedling_only	tdsgR65A10	695.5563333	TRUE
Y42-3x1	42-3	1	117	123	2019_additional_alleles	female	42	sperm_cell_high	tdsgR83A02	508.239	TRUE
Y44-5x1	44-5	1	250	251	2019_additional_alleles	female	44	seedling_only	tdsgR91G06	53.8378	TRUE
Y74-3x1	74-3	1	249	231	2019_additional_alleles	female	74	seedling_only	tdsgR65A10	695.5563333	TRUE
Y42-2x1	42-2	1	244	229	2019_additional_alleles	female	42	sperm_cell_high	tdsgR83A02	508.239	TRUE
Y81-3x1	81-3	1	240	254	2019_additional_alleles	female	81	seedling_only	tdsgR44E07	116.5753333	TRUE
Y89-3x1	89-3	1	267	289	2019_additional_alleles	female	89	seedling_only	tdsgR106E07	35.1108	TRUE
Y44-7x1	44-7	1	213	204	2019_additional_alleles	female	44	seedling_only	tdsgR91G06	53.8378	TRUE
Y42-1x1	42-1	1	209	230	2019_additional_alleles	female	42	sperm_cell_high	tdsgR83A02	508.239	TRUE
Y74-1x1	74-1	1	295	257	2019_additional_alleles	female	74	seedling_only	tdsgR65A10	695.5563333	TRUE
Y81-2x1	81-2	1	199	204	2019_additional_alleles	female	81	seedling_only	tdsgR44E07	116.5753333	TRUE
Y89-2x1	89-2	1	257	261	2019_additional_alleles	female	89	seedling_only	tdsgR106E07	35.1108	TRUE
Y44-6x1	44-6	1	267	261	2019_additional_alleles	female	44	seedling_only	tdsgR91G06	53.8378	TRUE
Y89-11x1	89-11	1	267	260	2019_additional_alleles	female	89	seedling_only	tdsgR106E07	35.1108	TRUE
Y74G-3x1	74G-3	1	231	241	2019_additional_alleles	female	74	seedling_only	tdsgR65A10	695.5563333	TRUE
Y81-5x1	81-5	1	358	310	2019_additional_alleles	female	81	seedling_only	tdsgR44E07	116.5753333	TRUE
Y42-7x1	42-7	1	233	247	2019_additional_alleles	female	42	sperm_cell_high	tdsgR83A02	508.239	TRUE
Y44-1x1	44-1	1	306	258	2019_additional_alleles	female	44	seedling_only	tdsgR91G06	53.8378	TRUE
Y89-8x1	89-8	1	306	319	2019_additional_alleles	female	89	seedling_only	tdsgR106E07	35.1108	TRUE
Y89-4x1	89-4	1	313	261	2019_additional_alleles	female	89	seedling_only	tdsgR106E07	35.1108	TRUE
Y81-4x1	81-4	1	170	184	2019_additional_alleles	female	81	seedling_only	tdsgR44E07	116.5753333	TRUE
Y74G-2x1	74G-2	1	247	232	2019_additional_alleles	female	74	seedling_only	tdsgR65A10	695.5563333	TRUE
Y42-6x1	42-6	1	216	216	2019_additional_alleles	female	42	sperm_cell_high	tdsgR83A02	508.239	TRUE
Y74-4x1	74-4	1	267	285	2019_additional_alleles	female	74	seedling_only	tdsgR65A10	695.5563333	TRUE
Y89-7x1	89-7	1	232	219	2019_additional_alleles	female	89	seedling_only	tdsgR106E07	35.1108	TRUE
Y44-3x1	44-3	1	233	234	2019_additional_alleles	female	44	seedling_only	tdsgR91G06	53.8378	TRUE
Y42-5x1	42-5	1	208	207	2019_additional_alleles	female	42	sperm_cell_high	tdsgR83A02	508.239	TRUE
Y81-6x1	81-6	1	266	263	2019_additional_alleles	female	81	seedling_only	tdsgR44E07	116.5753333	TRUE
Y74-5x1	74-5	1	108	97	2019_additional_alleles	female	74	seedling_only	tdsgR65A10	695.5563333	TRUE
Y89-6x1	89-6	1	282	263	2019_additional_alleles	female	89	seedling_only	tdsgR106E07	35.1108	TRUE
Y44-2x1	44-2	1	252	256	2019_additional_alleles	female	44	seedling_only	tdsgR91G06	53.8378	TRUE
Y200-4x1	200-4	1	273	273	2019_additional_alleles	female	200	vegetative_cell_high	tdsgR02A05	24.0476	FALSE
Y204-4x1	204-4	1	294	262	2019_additional_alleles	female	204	vegetative_cell_high	tdsgR85A08	242.762	FALSE
Y206-2x1	206-2	1	267	246	2019_additional_alleles	female	206	sperm_cell_high	tdsgR89B08	43.9868	FALSE
Y203-1x1	203-1	1	277	252	2019_additional_alleles	female	203	vegetative_cell_high	tdsgR67H12	58.0787	FALSE
Y2x206G-1	2	206G-1	156	372	2019_additional_alleles	male	206	sperm_cell_high	tdsgR89B08	43.9868	FALSE
Y2x206-1	2	206-1	166	288	2019_additional_alleles	male	206	sperm_cell_high	tdsgR89B08	43.9868	FALSE
Y204-5x1	204-5	1	178	192	2019_additional_alleles	female	204	vegetative_cell_high	tdsgR85A08	242.762	FALSE
Y206-3x1	206-3	1	240	238	2019_additional_alleles	female	206	sperm_cell_high	tdsgR89B08	43.9868	FALSE
Y2x201-2	2	201-2	58	77	2019_additional_alleles	male	201	vegetative_cell_high	tdsgR108A02	126.313	FALSE
Y2x203-3	2	203-3	175	183	2019_additional_alleles	male	203	vegetative_cell_high	tdsgR67H12	58.0787	FALSE
Y2x15-2	2	15-2	147	138	2019_additional_alleles	male	15	sperm_cell_high	tdsgR06C04	849.346	FALSE
Y2x15-5	2	15-5	177	161	2019_additional_alleles	male	15	sperm_cell_high	tdsgR06C04	849.346	FALSE
Y203-3x1	203-3	1	202	216	2019_additional_alleles	female	203	vegetative_cell_high	tdsgR67H12	58.0787	FALSE
Y200-6x1	200-6	1	271	248	2019_additional_alleles	female	200	vegetative_cell_high	tdsgR02A05	24.0476	FALSE
Y2x202-5	2	202-5	157	170	2019_additional_alleles	male	202	sperm_cell_high	tdsgR29A11	25.5451	FALSE
Y2x200-3	2	200-3	203	211	2019_additional_alleles	male	200	vegetative_cell_high	tdsgR02A05	24.0476	FALSE
Y2x200-4	2	200-4	219	217	2019_additional_alleles	male	200	vegetative_cell_high	tdsgR02A05	24.0476	FALSE
Y2x15-4	2	15-4	161	143	2019_additional_alleles	male	15	sperm_cell_high	tdsgR06C04	849.346	FALSE
Y2x204-1	2	204-1	144	145	2019_additional_alleles	male	204	vegetative_cell_high	tdsgR85A08	242.762	FALSE
Y202-1x1	202-1	1	232	229	2019_additional_alleles	female	202	sperm_cell_high	tdsgR29A11	25.5451	FALSE
Y2x203-2	2	203-2	168	180	2019_additional_alleles	male	203	vegetative_cell_high	tdsgR67H12	58.0787	FALSE
Y203-2x1	203-2	1	146	140	2019_additional_alleles	female	203	vegetative_cell_high	tdsgR67H12	58.0787	FALSE
Y206-1x1	206-1	1	284	265	2019_additional_alleles	female	206	sperm_cell_high	tdsgR89B08	43.9868	FALSE
Y2x203-5	2	203-5	246	237	2019_additional_alleles	male	203	vegetative_cell_high	tdsgR67H12	58.0787	FALSE
Y201-4x1	201-4	1	191	186	2019_additional_alleles	female	201	vegetative_cell_high	tdsgR108A02	126.313	FALSE
Y2x201-3	2	201-3	129	147	2019_additional_alleles	male	201	vegetative_cell_high	tdsgR108A02	126.313	FALSE
Y2x201-4	2	201-4	79	101	2019_additional_alleles	male	201	vegetative_cell_high	tdsgR108A02	126.313	FALSE
Y2x204-5	2	204-5	181	191	2019_additional_alleles	male	204	vegetative_cell_high	tdsgR85A08	242.762	FALSE
Y201-3x1	201-3	1	214	209	2019_additional_alleles	female	201	vegetative_cell_high	tdsgR108A02	126.313	FALSE
Y2x204-2	2	204-2	264	234	2019_additional_alleles	male	204	vegetative_cell_high	tdsgR85A08	242.762	FALSE
Y203-5x1	203-5	1	246	228	2019_additional_alleles	female	203	vegetative_cell_high	tdsgR67H12	58.0787	FALSE
Y2x203-1	2	203-1	255	238	2019_additional_alleles	male	203	vegetative_cell_high	tdsgR67H12	58.0787	FALSE
Y206G-2x1	206G-2	1	189	201	2019_additional_alleles	female	206	sperm_cell_high	tdsgR89B08	43.9868	FALSE
Y2x206-4	2	206-4	136	263	2019_additional_alleles	male	206	sperm_cell_high	tdsgR89B08	43.9868	FALSE
Y2x206-3	2	206-3	108	183	2019_additional_alleles	male	206	sperm_cell_high	tdsgR89B08	43.9868	FALSE
Y200-1x1	200-1	1	202	190	2019_additional_alleles	female	200	vegetative_cell_high	tdsgR02A05	24.0476	FALSE
Y204-1x1	204-1	1	221	240	2019_additional_alleles	female	204	vegetative_cell_high	tdsgR85A08	242.762	FALSE
Y202-7x1	202-7	1	256	247	2019_additional_alleles	female	202	sperm_cell_high	tdsgR29A11	25.5451	FALSE
Y2x202-8	2	202-8	182	189	2019_additional_alleles	male	202	sperm_cell_high	tdsgR29A11	25.5451	FALSE
Y2x202-1	2	202-1	169	158	2019_additional_alleles	male	202	sperm_cell_high	tdsgR29A11	25.5451	FALSE
Y203-7x1	203-7	1	149	182	2019_additional_alleles	female	203	vegetative_cell_high	tdsgR67H12	58.0787	FALSE
Y206-4x1	206-4	1	255	251	2019_additional_alleles	female	206	sperm_cell_high	tdsgR89B08	43.9868	FALSE
Y2x206-2	2	206-2	152	150	2019_additional_alleles	male	206	sperm_cell_high	tdsgR89B08	43.9868	FALSE
Y204-2x1	204-2	1	235	229	2019_additional_alleles	female	204	vegetative_cell_high	tdsgR85A08	242.762	FALSE
Y201-1x1	201-1	1	220	241	2019_additional_alleles	female	201	vegetative_cell_high	tdsgR108A02	126.313	FALSE
Y2x206G-2	2	206G-2	163	323	2019_additional_alleles	male	206	sperm_cell_high	tdsgR89B08	43.9868	FALSE
Y2x201-1	2	201-1	224	255	2019_additional_alleles	male	201	vegetative_cell_high	tdsgR108A02	126.313	FALSE
Y202-8x1	202-8	1	106	129	2019_additional_alleles	female	202	sperm_cell_high	tdsgR29A11	25.5451	FALSE
Y2x203-7	2	203-7	135	128	2019_additional_alleles	male	203	vegetative_cell_high	tdsgR67H12	58.0787	FALSE
Y2x204-3	2	204-3	193	199	2019_additional_alleles	male	204	vegetative_cell_high	tdsgR85A08	242.762	FALSE
Y2x204-4	2	204-4	187	184	2019_additional_alleles	male	204	vegetative_cell_high	tdsgR85A08	242.762	FALSE
Y2x15-1	2	15-1	61	95	2019_additional_alleles	male	15	sperm_cell_high	tdsgR06C04	849.346	FALSE
Y202-5x1	202-5	1	247	268	2019_additional_alleles	female	202	sperm_cell_high	tdsgR29A11	25.5451	FALSE
Y200-3x1	200-3	1	254	293	2019_additional_alleles	female	200	vegetative_cell_high	tdsgR02A05	24.0476	FALSE
Y204-3x1	204-3	1	269	306	2019_additional_alleles	female	204	vegetative_cell_high	tdsgR85A08	242.762	FALSE
Y2x200-1	2	200-1	232	250	2019_additional_alleles	male	200	vegetative_cell_high	tdsgR02A05	24.0476	FALSE
Y202-9x1	202-9	1	239	277	2019_additional_alleles	female	202	sperm_cell_high	tdsgR29A11	25.5451	FALSE
Y2x200-6	2	200-6	227	237	2019_additional_alleles	male	200	vegetative_cell_high	tdsgR02A05	24.0476	FALSE
Y206G-1x1	206G-1	1	221	211	2019_additional_alleles	female	206	sperm_cell_high	tdsgR89B08	43.9868	FALSE
Y2x202-7	2	202-7	86	92	2019_additional_alleles	male	202	sperm_cell_high	tdsgR29A11	25.5451	FALSE
Y2x202-9	2	202-9	240	284	2019_additional_alleles	male	202	sperm_cell_high	tdsgR29A11	25.5451	FALSE
Y15-2x1	15-2	1	323	179	2019_additional_alleles	female	15	sperm_cell_high	tdsgR06C04	849.346	FALSE
Y15-1x1	15-1	1	161	169	2019_additional_alleles	female	15	sperm_cell_high	tdsgR06C04	849.346	FALSE
Y15-4x1	15-4	1	310	224	2019_additional_alleles	female	15	sperm_cell_high	tdsgR06C04	849.346	FALSE
Y15-5x1	15-5	1	250	237	2019_additional_alleles	female	15	sperm_cell_high	tdsgR06C04	849.346	FALSE
